domain	position	Lhinge	dGcut
sh3	11	6	-8.002322
sh3	12	4	-2.878334
sh3	13	5	-1.32897
sh3	14	6	-0.974067
sh3	15	6	-1.465804
sh3	16	5	-2.495543
sh3	17	6	-7.083674
sh3	18	5	-8.973674
sh3	19	3	-18.063265
sh3	20	4	-12.362015
sh3	21	5	-12.175196
sh3	22	3	-4.146952
sh3	23	4	-5.067567
sh3	24	5	-8.730327
sh3	25	5	-17.721522
sh3	26	3	-20.069242
sh3	27	3	-21.742879
sh3	28	3	-15.116389
sh3	29	4	-12.709529
sh3	30	4	-5.642813
sh3	31	4	-2.895031
sh3	32	4	-0.932271
sh3	33	4	-0.131149
sh3	34	4	-0.131149
sh3	35	5	-2.344623
sh3	36	5	-10.988102
sh3	37	5	-15.693292
sh3	38	3	-23.428562
sh3	39	3	-17.847446
sh3	40	4	-18.225019
sh3	41	4	-8.145126
sh3	42	4	-6.90962
sh3	43	3	-3.189402
sh3	44	4	-3.76938
sh3	45	5	-4.263833
sh3	46	5	-9.885062
