domain	position	Lhinge	dGcut
sh3	11	6	-7.825429
sh3	12	4	-2.816642
sh3	13	5	-1.262871
sh3	14	6	-0.888107
sh3	15	6	-1.373482
sh3	16	5	-2.414351
sh3	17	6	-6.918665
sh3	18	5	-8.808665
sh3	19	3	-17.82956
sh3	20	4	-12.177623
sh3	21	5	-11.968768
sh3	22	3	-4.093299
sh3	23	4	-4.97755
sh3	24	5	-8.568469
sh3	25	5	-17.443335
sh3	26	3	-19.809587
sh3	27	3	-21.461569
sh3	28	3	-14.920813
sh3	29	4	-12.520641
sh3	30	4	-5.545355
sh3	31	4	-2.833124
sh3	32	4	-0.895757
sh3	33	3	-0.650083
sh3	34	4	-1.449915
sh3	35	5	-3.610299
sh3	36	5	-12.141948
sh3	37	5	-16.786264
sh3	38	3	-23.125442
sh3	39	3	-17.616537
sh3	40	4	-17.964769
sh3	41	4	-8.015292
sh3	42	4	-6.795769
sh3	43	3	-3.148137
sh3	44	4	-3.69616
sh3	45	5	-4.159763
sh3	46	5	-9.708265
