domain	free_N	free_C	dist_NC	Llinker	angle_NC	M	dGjoin
sh3	0	0	7.02910375595	0	0.701517531187	2.06166283424	-6.112102
